{"bounds":{"east":107.867846488953,"north":34.1420316696167,"south":33.8353586196899,"west":107.331919670105},"contentType":"quantizedmesh","latLonBounds":{"east":107.867846488953,"north":34.1420316696167,"south":33.8353586196899,"west":107.331919670105},"maxzoom":15,"minzoom":0,"proj":4326,"tiletrans":"tms","type":"terrain","ziped":false}